<Page loaded="pageLoaded" xmlns="http://www.nativescript.org/tns.xsd">

    <ActionBar title="FARMACIA CALEO">
    </ActionBar>
    <GridLayout rows="*" height="1500px"
        xmlns:nsDrawer="nativescript-ui-sidedrawer">
        <nsDrawer:RadSideDrawer id="sideDrawer" rows="0">
            <nsDrawer:RadSideDrawer.drawerContent>
                <StackLayout backgroundColor="gray">
                    <StackLayout height="56"
                        style="text-align: center; vertical-align: center;">
                        <Label text="Navegação do APP FARMACIA CALEO "
                            padding="15" backgroundColor="lightgray" /> />
                    </StackLayout>
                    <StackLayout>
                        <Button text="   Cadastro do produto"
                           padding="10"
                            backgroundColor="red" />
                        <Button text="   Alterar cadastro do produto"
                            padding="10" backgroundColor="white" />
                        <Button text="   Alterar Preço" padding="10"
                            backgroundColor="green" />
                        <Button text="  Criar uma nova tabela de preço"
                            padding="10" backgroundColor="orange" />
                        <Button text="  Enviar produto sem Estoque"
                            padding="10" backgroundColor="purple" />
                        <Button text="  Enviar produto sem foto" padding="10"
                            backgroundColor="yellow" /> />
                        <Button text="  Enviar produto com foto" padding="10"
                            backgroundColor="brown" /> />
                        <Button text="  Excluir tabela de preço adicionada"
                            padding="10" backgroundColor="pink" /> />
                    </StackLayout>
                    <Label text="Voltar" color="lightgray" padding="10"
                        style="horizontal-align: center"
                        tap="{{ onCloseDrawerTap }}" />
                </StackLayout>
            </nsDrawer:RadSideDrawer.drawerContent>
            <nsDrawer:RadSideDrawer.mainContent>
                <StackLayout>
                    <Label text="{{ mainContentText }}" textWrap="true"
                        fontSize="13" padding="10" />
                    <Button text="Abrir opções disponíveis"
                        tap="{{ onOpenDrawerTap }}" margin="100"
                        style="horizontal-align: right" />
                </StackLayout>
                <StackLayout>
                    <Label text="{{ mainContentText }}" textWrap="true"
                        fontSize="13" padding="10" />
                    <Button text="Abrir opções disponíveis"
                        tap="{{ onOpenDrawerTap }}" margin="100"
                        style="horizontal-align: right" />
                </StackLayout>

                <StackLayout>
                    <Label text="{{ mainContentText }}" textWrap="true"
                        fontSize="13" padding="10" />
                    <Button text="Abrir opções disponíveis"
                        tap="{{ onOpenDrawerTap }}" margin="100"
                        style="horizontal-align: right" />

                </StackLayout>
            </nsDrawer:RadSideDrawer.mainContent>
            <StackLayout>
                <BottomNavigation height="400px">
                    <TabStrip>
                        <TabStripItem>
                            <Label text="Home"></Label>
                            <Image src="res://home"></Image>
                        </TabStripItem>
                        <TabStripItem>
                            <Label text="Settings"></Label>
                            <Image src="res://settings"></Image>
                        </TabStripItem>
                        <TabStripItem>
                            <Label text="Search"></Label>
                            <Image src="res://search"></Image>
                        </TabStripItem>
                    </TabStrip>
                    <TabContentItem>
                        <GridLayout>
                            <Label text="Home Page" class="h2 text-center">
                            </Label>
                        </GridLayout>
                    </TabContentItem>
                    <TabContentItem>
                        <GridLayout>
                            <Label text="Settings Page"
                                class="h2 text-center">
                            </Label>
                        </GridLayout>
                    </TabContentItem>
                    <TabContentItem>
                        <GridLayout>
                            <Label text="Search Page" class="h2 text-center">
                            </Label>
                        </GridLayout>
                    </TabContentItem>
                </BottomNavigation>
            </StackLayout>

        </nsDrawer:RadSideDrawer>
    </GridLayout>
</Page>